period,strategy,days,total_return,annual_return,annual_volatility,sharpe,max_drawdown,source_cell_index
development,Original vol target,1220,0.514,0.0894,0.143,0.669,-0.2572,120
development,Ridge return filter,1220,1.2803,0.1856,0.127,1.403,-0.1221,120
development,TCN return filter,1220,0.514,0.0894,0.143,0.669,-0.2572,120
development,SPY buy & hold,1220,1.1115,0.1669,0.1826,0.938,-0.3379,120
validation,Original vol target,252,0.2729,0.2729,0.1531,1.653,-0.0606,120
validation,Ridge return filter,252,0.2195,0.2195,0.1178,1.743,-0.0738,120
validation,TCN return filter,252,0.2729,0.2729,0.1531,1.653,-0.0606,120
validation,SPY buy & hold,252,0.286,0.286,0.1296,2.007,-0.0511,120
test,Original vol target,584,0.838,0.3004,0.1349,2.015,-0.0995,120
test,Ridge return filter,584,0.5726,0.2158,0.1137,1.775,-0.0711,120
test,TCN return filter,584,0.838,0.3004,0.1349,2.015,-0.0995,120
test,SPY buy & hold,584,0.0937,0.0394,0.186,0.301,-0.245,120
